,person,category,file,path,email,phone
0,resumes,Aakriti__Resume.pdf,Aakriti__Resume.pdf,Aakriti__Resume.pdf,{'1904121@kiit.ac.in'},{'7979909136'}
1,resumes,Snigdha Resume.pdf,Snigdha Resume.pdf,Snigdha Resume.pdf,{'snigdha20000@yahoo.in'},{'+91 8860120000'}
2,resumes,Sandeep_Pandey.pdf,Sandeep_Pandey.pdf,Sandeep_Pandey.pdf,{'Sandeepandey62@gmail.com'},{'9711944253'}
3,resumes,Resume (June '22).docx.pdf,Resume (June '22).docx.pdf,Resume (June '22).docx.pdf,{'nidanalimp@gmail.com'},{'+91 790 747 1158'}
4,resumes,lakshya saraf resume TERM 2.pdf,lakshya saraf resume TERM 2.pdf,lakshya saraf resume TERM 2.pdf,{'lakshya_saraf@mymail.sutd.edu.sg'},{'+65 87475776'}
5,resumes,resume_PD.pdf,resume_PD.pdf,resume_PD.pdf,{'Prashantdhangar12@gmail.com'},{'7721944982'}
6,resumes,my-resume1.pdf,my-resume1.pdf,my-resume1.pdf,"{'bharteshbhaskar.work@gmail.com', 'harshpatowary@gmail.com', 'rehaanmazid@gmail.com'}",{'+91 7636806691'}
